{
  "calib_dir": "C:\\Projects\\Itrat_Valeria_Gaussian\\Capture_Data_Kinect\\3_cam_asynchronous\\Calibration",
  "image_dir": "C:\\Projects\\Itrat_Valeria_Gaussian\\Capture_Data_Kinect\\ObjectCapture",
  "scale": 1.0,
  "notes": [
    "COLMAP files keep OpenCV/COLMAP world-to-camera convention; no OpenGL axis flip is applied there.",
    "Blender transforms invert W2C to C2W and then flip camera Y/Z axes for OpenGL convention.",
    "cam0 is the world frame because stereo JSON maps cam0 coordinates into cam1/cam2."
  ],
  "w2c_opencv_colmap": {
    "cam0": [
      [
        1.0,
        0.0,
        0.0,
        0.0
      ],
      [
        0.0,
        1.0,
        0.0,
        0.0
      ],
      [
        0.0,
        0.0,
        1.0,
        0.0
      ],
      [
        0.0,
        0.0,
        0.0,
        1.0
      ]
    ],
    "cam1": [
      [
        0.3870239914244579,
        0.42132224869481716,
        -0.8201829020508925,
        0.10025763530288753
      ],
      [
        -0.5595962288354575,
        0.8142873498955936,
        0.15423414820702086,
        -0.04622760047385217
      ],
      [
        0.7328468398888103,
        0.39927894328996816,
        0.5509190818171312,
        0.14326096660683746
      ],
      [
        0.0,
        0.0,
        0.0,
        1.0
      ]
    ],
    "cam2": [
      [
        0.23365887611323657,
        -0.3429209838822509,
        0.9098399465987017,
        -0.15844143658322457
      ],
      [
        0.6218319354643241,
        0.7720658214002382,
        0.13129893930366776,
        -0.044099399134954975
      ],
      [
        -0.7474814871621851,
        0.5350883723636728,
        0.39363925123265286,
        0.04726844056430479
      ],
      [
        0.0,
        0.0,
        0.0,
        1.0
      ]
    ]
  },
  "c2w_blender": {
    "cam0": [
      [
        1.0,
        0.0,
        0.0,
        0.0
      ],
      [
        0.0,
        -1.0,
        0.0,
        0.0
      ],
      [
        0.0,
        0.0,
        -1.0,
        0.0
      ],
      [
        0.0,
        0.0,
        0.0,
        1.0
      ]
    ],
    "cam1": [
      [
        0.38702399142445787,
        0.5595962288354575,
        -0.7328468398888103,
        -0.16965924773621824
      ],
      [
        0.4213222486948171,
        -0.8142873498955938,
        -0.3992789432899682,
        -0.06179930943422955
      ],
      [
        -0.8201829020508924,
        -0.15423414820702092,
        -0.5509190818171312,
        0.010434272674947762
      ],
      [
        0.0,
        0.0,
        0.0,
        1.0
      ]
    ],
    "cam2": [
      [
        0.23365887611323655,
        -0.621831935464324,
        0.747481487162185,
        0.09977594696754959
      ],
      [
        -0.3429209838822509,
        -0.7720658214002382,
        -0.5350883723636729,
        -0.04557804743017353
      ],
      [
        0.9098399465987015,
        -0.13129893930366776,
        -0.39363925123265275,
        0.13133983897958318
      ],
      [
        0.0,
        0.0,
        0.0,
        1.0
      ]
    ]
  }
}