{
  "K": [
    [
      902.8215552007447,
      0.0,
      897.3980562352782
    ],
    [
      0.0,
      903.0157289971044,
      570.5350688514519
    ],
    [
      0.0,
      0.0,
      1.0
    ]
  ],
  "dist": [
    0.15500401797187988,
    -0.23215607833946914,
    0.015379875239384336,
    -0.0164547628082503,
    0.17796886489534228
  ],
  "dict": 0,
  "SX": 8,
  "SY": 8,
  "square_m": 0.007,
  "marker_m": 0.005,
  "img_size": [
    1920,
    1080
  ]
}