{
  "K": [
    [
      914.4829272666706,
      0.0,
      993.4255606915278
    ],
    [
      0.0,
      909.2931532239285,
      553.7519290198069
    ],
    [
      0.0,
      0.0,
      1.0
    ]
  ],
  "dist": [
    0.04374370320388414,
    -0.02208840558205799,
    0.0005557170476881781,
    0.01434700813805261,
    0.0005919770014639849
  ],
  "dict": 0,
  "SX": 8,
  "SY": 8,
  "square_m": 0.007,
  "marker_m": 0.005,
  "img_size": [
    1920,
    1080
  ]
}