{
  "K": [
    [
      912.8096269904838,
      0.0,
      943.29153362568
    ],
    [
      0.0,
      916.1901358068415,
      561.1022443100751
    ],
    [
      0.0,
      0.0,
      1.0
    ]
  ],
  "dist": [
    0.11109310190924507,
    -0.14687235009503433,
    0.005979914065660582,
    -0.0015204175199005619,
    0.08987193399797336
  ],
  "dict": 0,
  "SX": 8,
  "SY": 8,
  "square_m": 0.007,
  "marker_m": 0.005,
  "img_size": [
    1920,
    1080
  ]
}