{
  "R": [
    [
      0.3870239914244579,
      0.42132224869481716,
      -0.8201829020508925
    ],
    [
      -0.5595962288354575,
      0.8142873498955936,
      0.15423414820702086
    ],
    [
      0.7328468398888103,
      0.39927894328996816,
      0.5509190818171312
    ]
  ],
  "T": [
    [
      0.10025763530288753
    ],
    [
      -0.04622760047385217
    ],
    [
      0.14326096660683746
    ]
  ],
  "E": [
    [
      0.04629054572960361,
      -0.13511330030979332,
      -0.047563400363583856
    ],
    [
      -0.018028060094941734,
      0.020328269920497924,
      -0.17273403972843554
    ],
    [
      -0.03821260417809105,
      0.10111524074099619,
      -0.022451936529302288
    ]
  ],
  "F": [
    [
      7.70333890142087e-07,
      -2.2401618983134384e-06,
      -0.0001921928276753443
    ],
    [
      -2.9994546867912095e-07,
      3.369677414888906e-07,
      -0.0025294584204211476
    ],
    [
      -0.0010942769220144688,
      0.0033316257231501656,
      1.0
    ]
  ],
  "rms": 0.6298329563774635,
  "cam0_K": [
    [
      912.8096269904838,
      0.0,
      943.29153362568
    ],
    [
      0.0,
      916.1901358068415,
      561.1022443100751
    ],
    [
      0.0,
      0.0,
      1.0
    ]
  ],
  "cam0_dist": [
    0.11109310190924507,
    -0.14687235009503433,
    0.005979914065660582,
    -0.0015204175199005619,
    0.08987193399797336
  ],
  "cam1_K": [
    [
      902.8215552007447,
      0.0,
      897.3980562352782
    ],
    [
      0.0,
      903.0157289971044,
      570.5350688514519
    ],
    [
      0.0,
      0.0,
      1.0
    ]
  ],
  "cam1_dist": [
    0.15500401797187988,
    -0.23215607833946914,
    0.015379875239384336,
    -0.0164547628082503,
    0.17796886489534228
  ],
  "img_size": [
    1920,
    1080
  ],
  "note": "Transform maps points from cam0 coordinates to cam1 coordinates as estimated by OpenCV stereoCalibrate."
}