{
  "R": [
    [
      0.23365887611323657,
      -0.3429209838822509,
      0.9098399465987017
    ],
    [
      0.6218319354643241,
      0.7720658214002382,
      0.13129893930366776
    ],
    [
      -0.7474814871621851,
      0.5350883723636728,
      0.39363925123265286
    ]
  ],
  "T": [
    [
      -0.15844143658322457
    ],
    [
      -0.044099399134954975
    ],
    [
      0.04726844056430479
    ]
  ],
  "E": [
    [
      0.003570458565872906,
      -0.060091423095927333,
      -0.023565550563925258
    ],
    [
      -0.10738734994746096,
      0.06857083027138862,
      0.10537548389967735
    ],
    [
      -0.0882197291291519,
      -0.13744982721943586,
      0.01932020238885554
    ]
  ],
  "F": [
    [
      5.475732445145835e-08,
      -9.181746777564279e-07,
      0.00013364253070078527
    ],
    [
      -1.6563153552490548e-06,
      1.053716816380805e-06,
      0.002454721031101665
    ],
    [
      -0.0003744654322500349,
      -0.001591940499519783,
      1.0
    ]
  ],
  "rms": 0.779713905815615,
  "cam0_K": [
    [
      912.8096269904838,
      0.0,
      943.29153362568
    ],
    [
      0.0,
      916.1901358068415,
      561.1022443100751
    ],
    [
      0.0,
      0.0,
      1.0
    ]
  ],
  "cam0_dist": [
    0.11109310190924507,
    -0.14687235009503433,
    0.005979914065660582,
    -0.0015204175199005619,
    0.08987193399797336
  ],
  "cam2_K": [
    [
      914.4829272666706,
      0.0,
      993.4255606915278
    ],
    [
      0.0,
      909.2931532239285,
      553.7519290198069
    ],
    [
      0.0,
      0.0,
      1.0
    ]
  ],
  "cam2_dist": [
    0.04374370320388414,
    -0.02208840558205799,
    0.0005557170476881781,
    0.01434700813805261,
    0.0005919770014639849
  ],
  "img_size": [
    1920,
    1080
  ],
  "note": "Transform maps points from cam0 coordinates to cam2 coordinates as estimated by OpenCV stereoCalibrate."
}