{
  "R": [
    [
      -0.8002838169919636,
      -0.2696624559275941,
      0.5355632288757995
    ],
    [
      0.45826324059707185,
      0.30095940566166174,
      0.8363122852507008
    ],
    [
      -0.3867048158198239,
      0.9147161286469576,
      -0.11727655100180323
    ]
  ],
  "T": [
    [
      -0.16739802764368605
    ],
    [
      -0.19594206318986887
    ],
    [
      0.14512483475755372
    ]
  ],
  "note": "Derived transform mapping points from cam1 coordinates to cam2 coordinates via cam0. Not directly stereo-calibrated. Formula: R12 = R02 @ R01.T, T12 = T02 - R12 @ T01."
}